Time,ClaimedID,VerifiedStudent,Decision,Verified,Served,Stage,Reason,IDDistance,NameDistance,IDMargin,NameMargin,IDTop5,NameTop5
2026-09-28 10:23:59,2206147,,FAILED,0,0,failed,Neither the ID nor the name attempt verified the requested student.,Inf,Inf,NaN,NaN,,
2026-09-28 10:24:12,2206147,,FAILED,0,0,failed,Neither the ID nor the name attempt verified the requested student.,Inf,Inf,NaN,NaN,,
2026-09-28 10:24:46,2206147,,FAILED,0,0,failed,Neither the ID nor the name attempt verified the requested student.,Inf,Inf,NaN,NaN,,
2026-09-28 10:25:21,2206147,,FAILED,0,0,failed,Neither the ID nor the name attempt verified the requested student.,Inf,Inf,NaN,NaN,,
2026-09-28 11:44:29,,,FAILED,0,0,failed,Neither the ID nor the name attempt verified the requested student.,34.7643794126005,37.1237678166434,1.00052307486714,1.00891651153457,2206159:34.7644; 2206158:34.7826; 2206144:35.7145; 2206147:36.0593; 2206150:36.1794,2206140:37.1238; 2206158:37.4548; 2206152:38.2713; 2206139:38.9585; 2206157:39.239
2026-09-28 12:00:08,,,FAILED,0,0,failed,Neither the ID nor the name attempt verified the requested student.,34.2061197872888,24.4428941757075,1.00428166156138,1.55886818019811,2206158:34.2061; 2206159:34.3526; 2206147:35.8762; 2206144:36.1623; 2206157:36.5313,2206147:24.4429; 2206153:38.1032; 2206146:38.879; 2206164:39.0218; 2206161:39.2558
2026-09-28 12:01:50,,,FAILED,0,0,failed,Neither the ID nor the name attempt verified the requested student.,34.2969117779074,40.8820346019061,1.01996941608557,1.00205460061043,2206158:34.2969; 2206150:34.9818; 2206159:35.2115; 2206144:35.547; 2206133:35.6929,2206158:40.882; 2206140:40.966; 2206149:41.1871; 2206157:41.7574; 2206152:42.4438
2026-09-28 12:13:07,,,FAILED,0,0,failed,"Utterance contradiction: ID indicates 2206158, Name indicates 2206147. Please retry.",33.1746209505301,31.5673402803854,1.0259658214059,1.261943821761,2206158:33.1746; 2206159:34.036; 2206150:34.2516; 2206144:34.5153; 2206157:35.3742,2206147:31.5673; 2206161:39.8362; 2206153:41.7259; 2206158:41.8246; 2206160:42.05
2026-09-28 12:13:41,,,FAILED,0,0,failed,ID utterance failed margin check. Voice is too close to another student. Please retry.,30.3284248908641,25.3339475257338,1.00126921968675,1.62067365900956,2206147:30.3284; 2206159:30.3669; 2206158:31.5152; 2206162:32.0096; 2206163:32.4405,2206147:25.3339; 2206161:41.0581; 2206148:42.9545; 2206153:42.9872; 2206146:43.3204
2026-09-28 12:38:35,,,UNCERTAIN / RETRY,0,0,user-stop,Recording stopped by user.,NaN,NaN,NaN,NaN,,
2026-09-28 12:38:44,,,FAILED,0,0,failed,Joint voice score (1.14) exceeds acceptance limit (1.00).,30.735994713274,34.5943348031569,1.06902154729673,1.01504646094573,2206148:30.736; 2206133:32.8574; 2206150:33.4902; 2206136:33.5934; 2206158:34.3582,2206153:34.5943; 2206140:35.1149; 2206138:35.4521; 2206147:35.5042; 2206158:35.6789
2026-09-28 12:39:16,,,FAILED,0,0,failed,Joint voice score (1.06) exceeds acceptance limit (1.00).,32.9906212906005,30.6992895304056,1.01551302694667,1.15587358249943,2206150:32.9906; 2206159:33.5024; 2206158:33.6899; 2206144:34.1873; 2206147:35.285,2206147:30.6993; 2206153:35.4845; 2206138:37.39; 2206164:39.1328; 2206146:39.2648
2026-09-28 12:55:34,2206147,2206147,VERIFIED,1,1,entitlement,Verified and meal recorded.,34.6982964350915,24.9194156093828,1.04570423433526,1.55485470310103,2206159:32.4284; 2206158:33.9105; 2206147:34.6983; 2206150:35.2191; 2206157:35.7267,2206147:24.9194; 2206161:38.7461; 2206153:39.294; 2206138:39.5836; 2206160:40.2107
2026-09-28 12:56:07,,,FAILED,0,0,failed,Voice is too close to another student (fused margin: 1.03x). Please retry.,32.3844347477421,36.456823403522,1.04672333146101,1.01669892231545,2206159:32.3844; 2206158:33.8975; 2206150:33.9871; 2206144:35.4829; 2206157:36.1847,2206159:36.4568; 2206158:37.0656; 2206140:41.526; 2206136:42.0214; 2206144:42.2342
2026-09-28 12:56:41,2206147,2206147,VERIFIED,1,0,entitlement,Not logged: 2206147 was already served Lunch today at 12:55:34. One meal per student per sitting.,37.7790206903268,27.3075810129844,1.00567793989434,1.38689015418412,2206159:34.7821; 2206144:34.9796; 2206158:35.6316; 2206150:35.6554; 2206133:36.6935,2206147:27.3076; 2206153:37.8726; 2206138:37.9872; 2206160:39.5632; 2206146:39.809
2026-09-28 12:59:42,2206147,2206147,VERIFIED,1,1,entitlement,Verified and meal recorded.,30.5184124343092,25.7792763836884,1.0145049862423,1.46376143720437,2206159:30.0821; 2206147:30.5184; 2206158:30.8067; 2206162:31.4433; 2206157:31.6114,2206147:25.7793; 2206153:37.7347; 2206160:39.6991; 2206146:40.2548; 2206148:40.3605
2026-09-28 13:01:32,,,FAILED,0,0,failed,Voice is too close to another student (fused margin: 1.04x). Please retry.,34.735669470712,34.0528648060979,1.00418919908821,1.00883985628651,2206159:31.5032; 2206158:31.6352; 2206157:32.8382; 2206163:33.2237; 2206147:33.5268,2206154:34.0529; 2206149:34.3539; 2206140:36.7909; 2206162:37.5397; 2206136:37.5536
2026-09-28 13:28:27,,,FAILED,0,0,failed,No usable voice evidence. Please retry.,Inf,NaN,NaN,NaN,,
2026-09-28 13:34:06,2206147,2206147,VERIFIED,1,1,entitlement,Verified and meal recorded.,29.5289978678664,25.1953200563401,1.00219406726028,1.55215806801164,2206162:29.1241; 2206159:29.188; 2206147:29.529; 2206163:29.613; 2206158:29.6904,2206147:25.1953; 2206153:39.1071; 2206161:39.5732; 2206146:39.9335; 2206160:40.1202
2026-09-28 13:36:38,2206147,2206147,VERIFIED,1,0,entitlement,Not logged: 2206147 was already served Lunch today at 13:34:06. One meal per student per sitting.,29.3776090399809,25.4027557037472,1.00269777511752,1.52385912329576,2206147:29.3776; 2206159:29.4569; 2206162:29.4697; 2206158:29.9842; 2206163:30.1153,2206147:25.4028; 2206161:38.7102; 2206153:39.0055; 2206146:39.2629; 2206148:39.5909
2026-09-28 14:30:11,,,UNCERTAIN / RETRY,0,0,user-stop,Recording stopped by user.,NaN,NaN,NaN,NaN,,
2026-09-28 14:31:02,2206147,2206147,VERIFIED,1,1,entitlement,Verified and meal recorded.,30.1217183340383,25.9470517581712,1.0361181043104,1.49156667531371,2206159:29.0717; 2206147:30.1217; 2206158:30.8407; 2206163:30.9033; 2206142:31.187,2206147:25.9471; 2206153:38.7018; 2206161:39.2684; 2206146:40.5758; 2206138:40.8928
2026-09-28 14:31:35,,,FAILED,0,0,failed,Joint voice score (1.15) exceeds acceptance limit (1.15).,32.235320347981,37.3698226655434,1.00201302851985,1.01956522072643,2206159:32.2353; 2206158:32.3002; 2206163:33.7699; 2206162:34.5808; 2206138:34.8025,2206159:37.3698; 2206158:38.101; 2206154:40.447; 2206140:40.8751; 2206144:42.2001
2026-09-28 16:02:30,2206147,2206147,VERIFIED,1,1,entitlement,Verified and meal recorded.,30.0532727139152,24.1758969915789,1.0022686509949,1.57112502139413,2206158:29.6153; 2206159:29.6825; 2206147:30.0533; 2206157:31.6297; 2206138:32.2401,2206147:24.1759; 2206153:37.9834; 2206161:38.9688; 2206146:39.2133; 2206160:39.2677
2026-09-28 16:04:06,2206147,2206147,VERIFIED,1,0,code,Monthly payment required. Enter the assigned 6-digit coupon. 2206147 has no payment recorded for 2026-09. Coupon verification is required once this month.,34.3213323482622,24.9587680664281,1.02189380885,1.59696431506417,2206159:32.159; 2206158:32.8631; 2206150:33.5349; 2206147:34.3213; 2206157:34.7075,2206147:24.9588; 2206161:39.8583; 2206153:40.1147; 2206160:40.7206; 2206146:41.0214
2026-09-28 20:44:29,,,FAILED,0,0,failed,ID and Name acoustic matches disagree (2206159 and 2206147). Access refused; retry both phrases.,31.5005463709145,25.8946925806758,1.008365646136,1.45746010327205,2206159:31.5005; 2206158:31.7641; 2206147:33.1194; 2206144:33.2482; 2206150:33.2705,2206147:25.8947; 2206153:37.7405; 2206146:39.1809; 2206161:39.7055; 2206138:39.9523
2026-09-28 20:45:24,,,FAILED,0,0,failed,ID and Name acoustic matches disagree (2206144 and 2206147). Access refused; retry both phrases.,33.1200836618518,26.1905801981747,1.04216198607598,1.45776749349035,2206144:33.1201; 2206150:34.5165; 2206133:34.5927; 2206136:35.0505; 2206148:35.7335,2206147:26.1906; 2206153:38.1798; 2206161:38.6692; 2206138:39.2576; 2206141:39.62
2026-09-28 20:45:50,,,FAILED,0,0,failed,ID and Name acoustic matches disagree (2206144 and 2206147). Access refused; retry both phrases.,31.5186114152105,27.9053402319297,1.02088044335788,1.35403891978398,2206144:31.5186; 2206159:32.1767; 2206150:32.2041; 2206158:33.4435; 2206133:34.1812,2206147:27.9053; 2206153:37.7849; 2206160:38.8595; 2206148:39.2643; 2206146:39.3307
2026-09-28 20:46:21,,,FAILED,0,0,failed,ID and Name acoustic matches disagree (2206159 and 2206147). Access refused; retry both phrases.,31.922517460802,27.9270917514488,1.06737514731903,1.36067215261942,2206159:31.9225; 2206158:34.0733; 2206147:34.1194; 2206144:34.5005; 2206157:34.8453,2206147:27.9271; 2206153:37.9996; 2206148:38.8959; 2206138:38.9822; 2206146:39.5285
2026-09-28 21:10:08,,2206147,VERIFIED,1,0,roster,DENIED: 2206147 is not registered for dining in 2026-09. Please register in hall administration.,35.5291080853431,27.1287272652488,1.00119855471698,1.36056203348048,2206159:31.8619; 2206144:31.9001; 2206150:32.8479; 2206140:33.3808; 2206158:33.4346,2206147:27.1287; 2206153:36.9103; 2206138:38.07; 2206146:39.0594; 2206161:39.2885
2026-09-28 21:11:28,,2206147,VERIFIED,1,1,entitlement,Verified and meal recorded.,33.7004001115601,27.5467342879708,1.02031676649298,1.37328118751036,2206159:30.8579; 2206158:31.4848; 2206163:31.6081; 2206157:31.6764; 2206140:31.8113,2206147:27.5467; 2206153:37.8294; 2206161:38.5808; 2206138:38.9505; 2206146:39.4086
2026-09-28 21:11:55,,,FAILED,0,0,failed,ID and Name acoustic matches disagree (2206159 and 2206154). Access refused; retry both phrases.,33.2270763972358,36.7957221682777,1.03303491370717,1.0067638993517,2206159:33.2271; 2206163:34.3247; 2206140:34.906; 2206157:35.0418; 2206143:35.3882,2206154:36.7957; 2206159:37.0446; 2206158:38.415; 2206142:39.5607; 2206152:39.8035
2026-09-28 21:12:18,,2206147,VERIFIED,1,0,entitlement,Not logged: 2206147 was already served Dinner today at 21:11:28. One meal per student per sitting.,38.7443237999955,30.8877179004442,1.0086161186237,1.19418007767815,2206158:33.4475; 2206159:33.7357; 2206157:34.2385; 2206144:34.6153; 2206156:34.7642,2206147:30.8877; 2206153:36.8855; 2206138:38.0974; 2206143:38.4332; 2206146:38.5402
2026-09-28 21:13:17,,,FAILED,0,0,failed,No usable ID voice evidence. Please retry both phrases.,Inf,NaN,NaN,NaN,,
2026-09-28 21:13:37,,,UNCERTAIN / RETRY,0,0,user-stop,Recording stopped by user.,NaN,NaN,NaN,NaN,2206148:36.2989; 2206149:39.8039; 2206136:40.484; 2206158:40.7513; 2206133:41.5303,
2026-09-28 21:13:58,,,FAILED,0,0,failed,ID phrase failed: Voice distance exceeds its acceptance limit.,32.0556571585679,33.7149256450061,1.01468593745916,1.10167341953731,2206150:32.0557; 2206158:32.5264; 2206144:32.693; 2206133:32.8945; 2206159:33.7521,2206150:33.7149; 2206163:37.1428; 2206138:37.1843; 2206156:37.2878; 2206158:39.9751
2026-09-28 21:14:19,,,UNCERTAIN / RETRY,0,0,user-stop,Recording stopped by user.,NaN,NaN,NaN,NaN,2206136:39.3564; 2206133:39.4566; 2206137:40.6287; 2206139:41.7771; 2206150:41.9773,
2026-09-28 21:14:27,,,FAILED,0,0,failed,ID and Name acoustic matches disagree (2206133 and 2206147). Access refused; retry both phrases.,32.0793750535014,28.1603140439546,1.01264816772973,1.32460682949554,2206133:32.0794; 2206148:32.4851; 2206144:32.7002; 2206137:33.8744; 2206136:34.09,2206147:28.1603; 2206153:37.3013; 2206138:37.6342; 2206160:38.4626; 2206161:38.5444
2026-09-28 21:14:45,,,FAILED,0,0,failed,ID and Name acoustic matches disagree (2206144 and 2206154). Access refused; retry both phrases.,33.618618585679,33.6750529739701,1.00212115817098,1.00950543824038,2206144:33.6186; 2206159:33.6899; 2206140:34.3006; 2206158:34.8284; 2206163:35.0325,2206154:33.6751; 2206144:33.9951; 2206136:35.2552; 2206152:35.8795; 2206139:36.8997
2026-09-28 21:15:14,,2206147,VERIFIED,1,0,entitlement,Not logged: 2206147 was already served Dinner today at 21:11:28. One meal per student per sitting.,36.7092601161469,28.774606013947,1.0179973432917,1.29959721647718,2206159:33.2885; 2206144:33.8876; 2206158:34.0229; 2206150:34.4654; 2206140:34.5269,2206147:28.7746; 2206153:37.3954; 2206138:38.7389; 2206143:39.5544; 2206146:40.1139
2026-09-28 21:16:20,,,FAILED,0,0,failed,ID and Name acoustic matches disagree (2206159 and 2206150). Access refused; retry both phrases.,33.6497555572254,32.6869812847028,1.00666014394262,1.00699406424488,2206159:33.6498; 2206144:33.8739; 2206150:33.8808; 2206140:34.055; 2206133:34.0612,2206150:32.687; 2206140:32.9156; 2206158:34.3563; 2206162:34.7363; 2206133:35.1052
2026-09-29 01:37:29,,2206147,VERIFIED,1,0,entitlement,"Not logged: no meal is being served now. Breakfast opens in 323 minutes. Service windows are Breakfast 07:00-09:30, Lunch 12:00-16:30, Dinner 19:00-21:30.",33.2021582554779,27.5139257652813,1.02923091358016,1.38514380460618,2206159:31.0056; 2206158:31.9119; 2206150:32.2678; 2206144:32.3321; 2206147:33.2022,2206147:27.5139; 2206153:38.1107; 2206138:38.8825; 2206161:38.958; 2206146:39.1714
2026-09-29 01:38:04,,,FAILED,0,0,failed,ID and Name acoustic matches disagree (2206158 and 2206137). Access refused; retry both phrases.,32.9967547469387,36.1445250801601,1.01602889034847,1.00638987918539,2206158:32.9968; 2206159:33.5257; 2206163:34.8671; 2206133:35.0532; 2206139:35.1196,2206137:36.1445; 2206152:36.3755; 2206140:36.6206; 2206142:36.7868; 2206139:39.2242
2026-09-29 16:21:46,,,FAILED,0,0,failed,No usable ID voice evidence. Please retry both phrases.,Inf,NaN,NaN,NaN,,2206135:40.4665; 2206161:44.9264; 2206146:45.8441; 2206147:46.0869; 2206164:46.1606
2026-09-29 16:22:06,,,FAILED,0,0,failed,ID and Name acoustic matches disagree (2206135 and 2206144). Access refused; retry both phrases.,42.9517765186665,44.3023973790844,1.11674473948359,1.00961368402488,2206135:42.9518; 2206148:47.9662; 2206133:50.1044; 2206144:50.2323; 2206157:50.3431,2206144:44.3024; 2206135:44.7283; 2206163:44.9802; 2206162:45.1867; 2206158:45.1943
2026-09-29 16:22:37,,,FAILED,0,0,failed,ID and Name acoustic matches disagree (2206157 and 2206163). Access refused; retry both phrases.,45.3281342003025,40.9323425801711,1.04936657210551,1.00381795194721,2206157:45.3281; 2206158:47.5658; 2206148:48.8992; 2206149:51.267; 2206133:52.5443,2206163:40.9323; 2206138:41.0886; 2206164:41.1839; 2206161:41.5809; 2206146:42.3303
2026-09-29 16:23:06,,,UNCERTAIN / RETRY,0,0,user-stop,Recording stopped by user.,NaN,NaN,NaN,NaN,,
2026-09-29 16:25:21,,,FAILED,0,0,failed,No usable ID voice evidence. Please retry both phrases.,Inf,NaN,NaN,NaN,,
2026-09-29 16:30:46,,,FAILED,0,0,failed,No usable ID voice evidence. Please retry both phrases.,Inf,NaN,NaN,NaN,,
2026-09-29 16:31:15,,,FAILED,0,0,failed,No usable ID voice evidence. Please retry both phrases.,Inf,NaN,NaN,NaN,,
2026-09-29 16:33:15,,,FAILED,0,0,failed,No usable ID voice evidence. Please retry both phrases.,Inf,NaN,NaN,NaN,,
2026-09-29 16:33:48,,,UNCERTAIN / RETRY,0,0,user-stop,Recording stopped by user.,NaN,NaN,NaN,NaN,,
2026-09-29 16:36:25,,,FAILED,0,0,failed,ID and Name acoustic matches disagree (2206148 and 2206138). Access refused; retry both phrases.,37.9229539114382,40.8201820624014,1.02090954825171,1.01784710186163,2206148:37.923; 2206159:38.7159; 2206150:38.879; 2206144:39.1359; 2206140:39.7777,2206138:40.8202; 2206147:41.5487; 2206141:43.5727; 2206146:44.225; 2206161:45.4904
2026-09-29 16:37:00,,,FAILED,0,0,failed,ID and Name acoustic matches disagree (2206150 and 2206147). Access refused; retry both phrases.,36.2448864027518,40.1345798704367,1.01626282441135,1.07286960632078,2206150:36.2449; 2206144:36.8343; 2206159:37.7154; 2206148:37.7158; 2206133:38.419,2206147:40.1346; 2206161:43.0592; 2206148:43.109; 2206138:44.8255; 2206143:45.5624
2026-09-29 16:37:24,,,UNCERTAIN / RETRY,0,0,user-stop,Recording stopped by user.,NaN,NaN,NaN,NaN,,
2026-09-29 16:40:41,,,UNCERTAIN / RETRY,0,0,user-stop,Recording stopped by user.,NaN,NaN,NaN,NaN,,
2026-09-29 16:41:00,,,FAILED,0,0,failed,ID phrase failed: Voice distance exceeds its acceptance limit.,37.7858435409422,39.5998734410338,1.002722273543,1.1134975040096,2206150:37.7858; 2206148:37.8887; 2206133:38.2512; 2206136:38.747; 2206144:39.7337,2206150:39.5999; 2206149:44.0944; 2206136:44.6944; 2206163:44.7936; 2206162:44.9691
2026-09-29 16:41:32,,,UNCERTAIN / RETRY,0,0,user-stop,Recording stopped by user.,NaN,NaN,NaN,NaN,,
2026-09-29 16:41:40,,,FAILED,0,0,failed,ID and Name acoustic matches disagree (2206148 and 2206150). Access refused; retry both phrases.,42.1444971201335,41.9993541211561,1.05501037558709,1.12347208349059,2206148:42.1445; 2206133:44.4629; 2206144:44.6699; 2206136:44.915; 2206157:45.3494,2206150:41.9994; 2206158:47.1851; 2206162:47.8929; 2206144:48.0308; 2206136:48.0753
2026-09-29 16:42:51,,,FAILED,0,0,failed,No usable ID voice evidence. Please retry both phrases.,Inf,NaN,NaN,NaN,,2206147:31.2224; 2206138:39.6399; 2206153:39.8171; 2206164:40.408; 2206161:40.4089
2026-09-29 16:43:34,,,FAILED,0,0,failed,ID and Name acoustic matches disagree (2206144 and 2206157). Access refused; retry both phrases.,35.2620583708438,40.8103362276453,1.00025456008353,1.05094202846644,2206144:35.2621; 2206159:35.271; 2206158:36.2772; 2206150:36.4627; 2206157:36.7484,2206157:40.8103; 2206140:42.8893; 2206152:43.595; 2206158:43.6997; 2206141:44.0431
2026-09-29 16:44:37,,,FAILED,0,0,failed,ID and Name acoustic matches disagree (2206144 and 2206147). Access refused; retry both phrases.,34.3763221458972,30.4463644371365,1.03548465560432,1.36682887835144,2206144:34.3763; 2206159:35.5962; 2206140:35.8296; 2206150:36.6563; 2206158:36.8678,2206147:30.4464; 2206161:41.615; 2206138:41.6821; 2206135:42.2644; 2206153:42.3353
2026-09-29 16:45:09,,,FAILED,0,0,failed,No usable Name voice evidence. Please retry both phrases.,31.3522516399954,NaN,1.11052646476056,NaN,2206150:31.3523; 2206144:34.8175; 2206158:36.5673; 2206133:37.3018; 2206157:37.7674,
2026-09-29 16:45:32,,2206150,VERIFIED,1,0,entitlement,"Not logged: no meal is being served now. Dinner opens in 135 minutes. Service windows are Breakfast 07:00-09:30, Lunch 12:00-16:30, Dinner 19:00-21:30.",32.2000482275631,23.9420698759267,1.11550740138171,1.50929815269159,2206150:32.2; 2206144:35.9194; 2206133:36.2244; 2206158:36.5574; 2206136:37.3976,2206150:23.9421; 2206163:36.1357; 2206156:37.7118; 2206138:37.8903; 2206133:38.2101
2026-09-29 16:45:54,,,UNCERTAIN / RETRY,0,0,user-stop,Recording stopped by user.,NaN,NaN,NaN,NaN,,
2026-09-29 16:46:11,,,FAILED,0,0,failed,ID and Name acoustic matches disagree (2206148 and 2206141). Access refused; retry both phrases.,35.3423083040093,30.8430767352017,1.02893507295951,1.09369183421362,2206148:35.3423; 2206144:36.3649; 2206136:36.51; 2206133:36.8606; 2206150:38.4261,2206141:30.8431; 2206158:33.7328; 2206140:36.8244; 2206163:37.1513; 2206144:39.3816
2026-09-29 16:46:58,,,FAILED,0,0,failed,ID and Name acoustic matches disagree (2206148 and 2206141). Access refused; retry both phrases.,35.2536530569662,30.7858688825014,1.02799639617242,1.13370537842072,2206148:35.2537; 2206136:36.2406; 2206144:36.9418; 2206133:37.0024; 2206150:39.2135,2206141:30.7859; 2206158:34.9021; 2206152:35.3394; 2206140:35.9868; 2206149:37.0852
2026-09-29 16:47:16,,,FAILED,0,0,failed,No usable ID voice evidence. Please retry both phrases.,Inf,NaN,NaN,NaN,,2206141:31.0336; 2206158:33.0376; 2206136:36.0283; 2206140:36.435; 2206162:37.1015
2026-09-29 16:47:32,,,FAILED,0,0,failed,No usable Name voice evidence. Please retry both phrases.,33.783573110181,NaN,1.07583395794505,NaN,2206144:33.7836; 2206148:36.3455; 2206133:36.4824; 2206150:37.0086; 2206136:37.1215,
2026-09-29 16:50:31,,,FAILED,0,0,failed,ID and Name acoustic matches disagree (2206144 and 2206141). Access refused; retry both phrases.,33.9004664232353,31.2511985564465,1.04920313728054,1.03431746440343,2206144:33.9005; 2206150:35.5685; 2206133:35.5928; 2206136:36.2245; 2206140:37.0097,2206141:31.2512; 2206158:32.3237; 2206140:35.2943; 2206136:35.7979; 2206162:37.7299
2026-09-29 16:52:13,,,FAILED,0,0,failed,ID and Name acoustic matches disagree (2206157 and 2206141). Access refused; retry both phrases.,30.4232948714674,32.0405493430528,1.01569770928631,1.06169800778232,2206157:30.4233; 2206141:30.9009; 2206158:31.5499; 2206159:31.9089; 2206154:32.3881,2206141:32.0405; 2206158:34.0174; 2206163:35.7368; 2206136:36.5034; 2206140:36.5232
2026-09-29 16:52:59,,,FAILED,0,0,failed,No usable ID voice evidence. Please retry both phrases.,Inf,NaN,NaN,NaN,,2206147:29.8325; 2206143:39.0525; 2206164:39.1365; 2206138:39.217; 2206163:39.4164
2026-09-29 16:59:43,,,FAILED,0,0,failed,ID and Name acoustic matches disagree (2206159 and 2206135). Access refused; retry both phrases.,33.1642602402069,35.9568821591183,1.00651596698622,1.0034757763329,2206159:33.1643; 2206157:33.3804; 2206163:33.7333; 2206158:34.0382; 2206140:34.4421,2206135:35.9569; 2206147:36.0819; 2206161:41.2101; 2206164:41.3788; 2206160:41.4271
2026-09-29 17:00:10,,,FAILED,0,0,failed,ID and Name acoustic matches disagree (2206144 and 2206147). Access refused; retry both phrases.,35.5109391051512,33.819073272336,1.01625320649185,1.07339231416085,2206144:35.5109; 2206150:36.0881; 2206137:36.5482; 2206133:36.7598; 2206148:36.802,2206147:33.8191; 2206164:36.3011; 2206138:36.3962; 2206158:36.7795; 2206146:36.9138
2026-09-29 17:11:21,,,FAILED,0,0,failed,ID and Name acoustic matches disagree (2206157 and 2206141; joint candidate 2206158 margin 1.00x insufficient). Access refused; retry both phrases.,35.4121572524439,41.1583949835632,1.03016272202688,1.02527202850312,2206157:35.4122; 2206158:36.4803; 2206154:36.7242; 2206142:38.0977; 2206141:38.1929,2206141:41.1584; 2206158:42.1986; 2206163:42.881; 2206148:44.0673; 2206164:44.2738
2026-09-29 17:33:04,,,FAILED,0,0,failed,ID phrase failed: Voice distance exceeds its acceptance limit.,35.7950788728713,41.2587716172404,1.01422499487605,1.02698898221189,2206158:35.7951; 2206157:36.3043; 2206142:38.1283; 2206141:38.1306; 2206163:38.3509,2206158:41.2588; 2206141:42.3723; 2206140:43.0354; 2206163:43.7661; 2206136:45.6559
2026-09-29 22:22:55,,,FAILED,0,0,failed,ID and Name acoustic matches disagree (2206158 and 2206138; joint candidate 2206147 margin 1.02x insufficient). Access refused; retry both phrases.,29.6515643232692,38.2034652944851,1.01878183231233,1.01193796368532,2206158:29.6516; 2206159:30.2085; 2206147:31.3676; 2206157:31.3684; 2206163:32.5835,2206138:38.2035; 2206147:38.6595; 2206135:39.645; 2206143:41.8507; 2206158:41.9294
2026-09-29 22:23:26,,,UNCERTAIN / RETRY,0,0,user-stop,Recording stopped by user.,NaN,NaN,NaN,NaN,,
2026-09-29 22:23:35,,,FAILED,0,0,failed,ID and Name acoustic matches disagree (2206148 and 2206147; joint candidate 2206147 margin 1.06x insufficient). Access refused; retry both phrases.,32.5260602662992,30.6140056354593,1.0060026035926,1.1208335741942,2206148:32.5261; 2206144:32.7213; 2206158:32.7757; 2206136:33.2024; 2206133:33.2677,2206147:30.614; 2206153:34.3132; 2206138:35.1634; 2206140:35.7796; 2206158:35.7943
2026-09-29 22:25:07,,,FAILED,0,0,failed,ID and Name acoustic matches disagree (2206144 and 2206147; joint candidate 2206147 score 1.02 exceeds limits). Access refused; retry both phrases.,33.1736912884875,28.6082904480476,1.00288219818276,1.25859339770868,2206144:33.1737; 2206158:33.2693; 2206133:33.498; 2206150:33.9583; 2206148:34.0079,2206147:28.6083; 2206153:36.0062; 2206164:36.7126; 2206141:37.4765; 2206146:37.5687
2026-09-29 22:27:29,,,FAILED,0,0,failed,ID and Name acoustic matches disagree (2206148 and 2206147; joint candidate 2206147 margin 1.10x insufficient). Access refused; retry both phrases.,31.3051851896257,33.7101226888761,1.02348920835211,1.22514502829684,2206148:31.3052; 2206133:32.0405; 2206136:32.0598; 2206144:32.8725; 2206158:33.1785,2206147:33.7101; 2206153:41.2998; 2206164:42.5414; 2206138:42.7055; 2206163:42.8204
2026-09-29 22:29:19,,,FAILED,0,0,failed,ID and Name acoustic matches disagree (2206157 and 2206147; joint candidate 2206147 score 1.04 exceeds limits). Access refused; retry both phrases.,36.2284207987648,27.1341505698804,1.02584456895438,1.41716251866037,2206157:36.2284; 2206158:37.1647; 2206163:38.3227; 2206159:38.3504; 2206156:38.7322,2206147:27.1342; 2206153:38.4535; 2206146:39.534; 2206148:39.6954; 2206138:40.1801
2026-09-29 22:29:39,,,FAILED,0,0,failed,ID and Name acoustic matches disagree (2206158 and 2206147; joint candidate 2206147 score 1.03 exceeds limits). Access refused; retry both phrases.,31.9189006613148,28.6897078702036,1.0494452310539,1.29562267831561,2206158:31.9189; 2206159:33.4971; 2206157:34.3908; 2206162:34.9621; 2206138:35.6605,2206147:28.6897; 2206153:37.171; 2206164:38.0577; 2206146:38.6945; 2206138:38.7526
2026-09-29 22:29:59,,,FAILED,0,0,failed,ID and Name acoustic matches disagree (2206159 and 2206153; joint candidate 2206158 margin 1.02x insufficient). Access refused; retry both phrases.,33.5497083336869,37.2638594387535,1.00006389192384,1.0684209079466,2206159:33.5497; 2206150:33.5519; 2206158:33.5619; 2206144:33.9626; 2206146:34.7642,2206153:37.2639; 2206138:39.8135; 2206158:40.3443; 2206147:40.6406; 2206141:42.3572
2026-09-29 22:31:48,,2206147,VERIFIED,1,0,entitlement,"Not logged: no meal is being served now. Service windows are Breakfast 07:00-09:30, Lunch 12:00-16:30, Dinner 19:00-21:30.",29.7332871251234,26.659688833403,1.00537345928512,1.41743275730648,2206159:29.0399; 2206158:29.196; 2206147:29.7333; 2206157:30.8343; 2206163:32.1391,2206147:26.6597; 2206153:37.7883; 2206164:39.1532; 2206146:39.3101; 2206138:39.5077
2026-09-29 22:32:12,,,FAILED,0,0,failed,ID and Name acoustic matches disagree (2206159 and 2206147; joint candidate 2206147 margin 1.10x insufficient). Access refused; retry both phrases.,30.5244363325536,31.6591597764073,1.03135800687034,1.1737268463431,2206159:30.5244; 2206158:31.4816; 2206144:31.6463; 2206150:31.9836; 2206157:33.0714,2206147:31.6592; 2206164:37.1592; 2206153:37.8635; 2206158:37.9022; 2206163:38.1258
2026-09-29 22:44:08,,2206147,VERIFIED,1,0,entitlement,"Not logged: no meal is being served now. Service windows are Breakfast 07:00-09:30, Lunch 12:00-16:30, Dinner 19:00-21:30.",32.5460539248071,27.7785216141613,1.01994787237023,1.38297197670586,2206159:30.4531; 2206158:31.0606; 2206157:31.8158; 2206147:32.5461; 2206163:32.7339,2206147:27.7785; 2206153:38.4169; 2206146:38.4527; 2206164:38.6449; 2206143:38.8014
2026-09-29 23:23:32,,,FAILED,0,0,failed,No usable ID voice evidence. Please retry both phrases.,Inf,NaN,NaN,NaN,,
2026-09-29 23:24:17,,,FAILED,0,0,failed,No usable ID voice evidence. Please retry both phrases.,Inf,NaN,NaN,NaN,,
2026-09-29 23:37:46,,,FAILED,0,0,failed,No usable ID voice evidence. Please retry both phrases.,Inf,NaN,NaN,NaN,,
2026-09-29 23:38:30,,,FAILED,0,0,failed,No usable ID voice evidence. Please retry both phrases.,Inf,NaN,NaN,NaN,,
2026-09-29 23:40:53,,,UNCERTAIN / RETRY,0,0,user-stop,Recording stopped by user.,NaN,NaN,NaN,NaN,,
2026-09-29 23:41:03,,,FAILED,0,0,failed,ID and Name acoustic matches disagree (2206150 and 2206147; joint candidate 2206147 score 0.95 exceeds limits). Access refused; retry both phrases.,32.9558674861967,25.0868957110345,1.00938294961044,1.59745248541555,2206150:32.9559; 2206159:33.2651; 2206144:33.463; 2206158:33.7083; 2206133:35.2155,2206147:25.0869; 2206161:40.0751; 2206146:40.8227; 2206135:41.2061; 2206153:41.4369
2026-09-29 23:57:11,,2206147,VERIFIED,1,0,entitlement,"Not logged: no meal is being served now. Service windows are Breakfast 07:00-09:30, Lunch 12:00-16:30, Dinner 19:00-21:30.",33.3135674752242,25.8188191684349,1.05909476151397,1.47473927673772,2206159:31.0751; 2206158:32.9115; 2206144:33.0356; 2206157:33.2234; 2206150:33.2937,2206147:25.8188; 2206153:38.076; 2206161:38.2737; 2206146:38.9999; 2206135:39.1662
2026-09-30 00:27:35,,,FAILED,0,0,failed,ID and Name acoustic matches disagree (2206157 and 2206158; joint candidate 2206158 margin 1.08x insufficient). Access refused; retry both phrases.,38.7867414642118,36.2923728059114,1.00563098606061,1.09286073035209,2206157:38.7867; 2206148:39.0051; 2206158:39.3019; 2206159:39.317; 2206162:39.7577,2206158:36.2924; 2206152:39.6625; 2206141:39.6743; 2206164:39.8442; 2206156:40.0506
2026-09-30 00:28:16,,,FAILED,0,0,failed,ID and Name acoustic matches disagree (2206148 and 2206158; joint candidate 2206158 margin 1.09x insufficient). Access refused; retry both phrases.,38.4050429902713,32.7151856747875,1.03013615712606,1.11668117062511,2206148:38.405; 2206159:39.5624; 2206158:39.7302; 2206157:40.4047; 2206162:40.779,2206158:32.7152; 2206163:36.5324; 2206141:36.8926; 2206143:38.0344; 2206162:38.3246
2026-09-30 00:29:53,,,FAILED,0,0,failed,ID and Name acoustic matches disagree (2206148 and 2206158; joint candidate 2206158 margin 1.07x insufficient). Access refused; retry both phrases.,35.9494497528911,35.335853394509,1.11098937600589,1.06856226896424,2206148:35.9494; 2206157:39.9395; 2206158:40.0458; 2206162:41.5552; 2206159:42.5461,2206158:35.3359; 2206163:37.7586; 2206152:39.3468; 2206141:39.4267; 2206164:39.7387
