Topic,Status,Limitation
Dataset size,limited,"31 enrolled students; one recording per phrase per split. Same-session takes do not establish field accuracy."
Evaluation design,retrospective,"Take1 enrollment, take2 development, take3 final; recordings were inspected previously, so final is not untouched prospective validation."
Archive preprocessing,limited,"All roles use enrol_template_features with archived-template preprocessing and lenient quality; clipped or cropped legacy audio may be retained. These are not live microphone accuracy measurements."
False claims,limited,"Impostors speak their own ID/name and claim another enrolled student; same-content impersonation and unknown-speaker trials are unavailable."
Decision policy,defined,"Mode ID+Name means ID-first fallback: try ID for the supplied claim, then independently gated Name if ID fails. Conflicting phrases may accept two different enumerated claims. MULTIPLE CLAIMS is one source-pair outcome, not a selected identity."
Denominators,defined,"Per variant/split/mode: N genuine claims and N(N-1) false claims. FAR and WSAR divide wrong accepted claims by N(N-1); ClosedSetWrongAccepted counts actual students with at least one false claim accepted, and ClosedSetWSAR divides that count by N. CorrectClaimIdentityErrors is the separate no-reassignment invariant. Pair FAR/FRR ignores identity/margin gates and is reported separately."
Top-1 ranking,defined,"Top1Accuracy is the raw usable ID best candidate for ID and ID-first fallback, and the raw usable Name best candidate for Name-only. Invalid evidence has no ranked candidate. This diagnostic ignores thresholds/margins and does not replace ID ranking when Name fallback succeeds."
Senior baseline,unavailable,"Original senior source and matched evaluation data are absent. Energy-only mode is a current-code ablation, not a measured senior baseline."
Microphone distance,unavailable,"No measured capture-distance labels. Synthetic scalar gains are not physical microphone distances."
Field noise,unavailable,"No quiet/fan/cafeteria/background-speech/impact condition labels or clean reference. Field SNR and condition-specific accuracy are unavailable."
VAD ground truth,unavailable,"Archived recordings have no speech-boundary annotations; speech detection, misses and truncation rates cannot be inferred. Separate synthetic fixtures have known boundaries."
Replay security,unavailable,"No labeled live/replay captures. Low-frequency heuristic outputs are diagnostics and do not establish replay resistance."
Multi-template enrollment,supplemental,"Separate retrospective leave-one-take-out scores compare one vs two enrollment templates after final evaluation; they do not select deployed thresholds."
Historical recordings,diagnostic only,"Prior unsaved live incidents cannot be reconstructed. Historical challenges are separate from any newly supplied VSD enrollment recordings."
Synthetic stress,synthetic only,"Deterministic gain, additive-noise and endpoint fixtures characterize controlled perturbations; they are not field-condition or replay evidence."
Timing scope,limited,"MATLAB wall times exclude capture, disk I/O, GUI, network and business actions. ID+Name timing sums both separately measured utterances: the full fallback path, not expected latency when ID passes immediately. Repeats characterize compute variation, not new speakers."
Deployment,unchanged,"Selected experimental parameters are saved in results only; no deployed thresholds or student/business/audio files are changed."
