PhraseType,Student,FileName,InputFs,InputDuration,PreRollRms,OverallRms,ClippedPercent,ClippedRun,Clipped,SpeechDuration,LowBandRatio,Usable,WellRecorded,ProblemCount,Verdict
Name,2206131,1.wav,48000,3.05,0.000620254510157553,0.19218285823935,0.0573770491803279,3,0,1.24,0.00163369638440889,1,1,0,"OK"
Name,2206132,1.wav,48000,2.6,0.000962090780594374,0.145812022101298,0.0360576923076923,2,0,1.34,0.0250178747473426,1,1,0,"OK"
Name,2206133,1.wav,48000,2.48,0.00164150774028785,0.154497387839527,0.0168010752688172,2,0,1.13,0.40522988227386,1,1,0,"OK"
Name,2206135,1.wav,44100,7.98766439909297,0.00867671487602665,0.0240709592041649,0,0,0,4.92,0.383144408492194,1,1,0,"OK"
Name,2206135,2.wav,44100,7.98766439909297,0.0131932333381106,0.0292070258920554,0,0,0,7.16,0.263856313497888,1,1,0,"OK"
Name,2206135,3.wav,44100,7.98766439909297,0.00808846419204514,0.0407530533627611,0,0,0,1.52,0.264868565126808,1,1,0,"OK"
Name,2206136,1.wav,48000,2.4,0.0005418519677817,0.164216421808499,0.0199652777777778,2,0,1.09,0.188151734534695,1,1,0,"OK"
Name,2206137,1.wav,48000,2.42,0.00882683941178901,0.144939229234586,0.0292699724517906,3,0,0.62,0.0810867848918956,1,1,0,"OK"
Name,2206138,1.wav,48000,3.57,8.59394655761481e-05,0.00818516329780779,0,0,0,1.82,0.125892591379889,1,1,0,"OK"
Name,2206139,1.wav,48000,2.4,0.0297271156857111,0.160002977492058,0.0130208333333333,3,0,0.89,0.0263425663417545,1,0,1,"usable, but the first 0.50 s is not silent (RMS 0.0297, limit 0.0200), so the noise profile is measured over speech. Wait for the prompt before speaking."
Name,2206140,1.wav,48000,2.75,0.00100413100655721,0.191782001647016,0.028030303030303,3,0,1.08,0.598230727323495,1,1,0,"OK"
Name,2206141,1.wav,48000,3.53,0.000172636975604941,0.171524090228178,0.0259678942398489,3,0,1.4,0.115492731783954,1,1,0,"OK"
Name,2206141,2.wav,44100,7.98766439909297,0.0129800403158033,0.10179283454205,0.00567768895348837,4,0,1.23,0.136115093463053,1,1,0,"OK"
Name,2206141,3.wav,44100,7.98766439909297,0.0112989493864412,0.100877533544667,0.00738099563953488,2,0,1.25,0.154086527259258,1,1,0,"OK"
Name,2206141,4.wav,44100,7.98766439909297,0.0169345172216355,0.100393668029838,0.00681322674418605,3,0,1.27,0.149836071630134,1,1,0,"OK"
Name,2206142,1.wav,48000,2.06933333333333,1.66831939364116e-05,0.0926072868485713,0,0,0,0.71,0.0748676704589293,1,1,0,"OK"
Name,2206143,1.wav,48000,4.01,0.00078561428716985,0.165037690324729,0.0223399833748961,3,0,2.32,0.270575340072636,1,1,0,"OK"
Name,2206144,1.wav,48000,2.94,0.000689737282213816,0.15391758980945,0.0184240362811791,3,0,1.3,0.311138423049985,1,1,0,"OK"
Name,2206145,1.wav,48000,2.89,0.000585817682413331,0.100940723401432,0.00216262975778547,1,0,1.05,0.00183721391331998,1,1,0,"OK"
Name,2206146,1.wav,48000,3.57,0.00112855363661925,0.159631986026438,0.0280112044817927,4,0,2.15,0.411386435479899,1,1,0,"OK"
Name,2206147,1.wav,48000,4.91,0.000714864808803367,0.135532775055128,0.013153428377461,2,0,3.29,0.258854419607577,1,1,0,"OK"
Name,2206147,2.wav,44100,7.98766439909297,1.46133336704526e-05,0.0201937294524967,0,0,0,3.36,0.029135066503263,1,1,0,"OK"
Name,2206147,3.wav,44100,7.98766439909297,1.4593087577466e-05,0.0163008107275679,0,0,0,3.35,0.0458601412102854,1,1,0,"OK"
Name,2206147,4.wav,44100,7.98766439909297,1.46681464854743e-05,0.0152153922042594,0,0,0,3.36,0.0413107040591867,1,1,0,"OK"
Name,2206148,1.wav,44100,5.01551020408163,0.00498844873383524,0.0457538941212863,0,0,0,2.31,0.012064074524779,1,1,0,"OK"
Name,2206149,1.wav,44100,4.41179138321995,0.00199732975783284,0.0135164911039324,0,0,0,0.93,0.0812100390600122,1,1,0,"OK"
Name,2206150,1.wav,48000,2.33,0.000260543618451136,0.144899802713198,0.0160944206008584,2,0,1.15,0.142688107036038,1,1,0,"OK"
Name,2206150,2.wav,44100,6.17650793650794,0.00646655853542486,0.00601701501726001,0,0,0,2.56,0.0616484152127315,1,1,0,"OK"
Name,2206150,3.wav,44100,7.29106575963719,0.00501860404486647,0.00225266503678267,0,0,0,6.38,0.069566032720293,1,1,0,"OK"
Name,2206150,4.wav,44100,7.38394557823129,0.000170551091644268,0.0339347742694244,0,0,0,1.56,0.0154393695926809,1,1,0,"OK"
Name,2206151,1.wav,48000,3.99,0.000927702072902962,0.203867295217538,0.0370718462823726,2,0,2.47,0.000934019701456248,1,1,0,"OK"
Name,2206152,1.wav,48000,2.02,0.00292460001019438,0.1581685614764,0.015470297029703,2,0,0.82,0.386729751363295,1,1,0,"OK"
Name,2206153,1.wav,48000,3.61,0.0119331392422709,0.161380632996718,0.0150046168051708,2,0,1.78,0.278824212768189,1,1,0,"OK"
Name,2206154,1.wav,48000,2.56,8.29992570394993e-06,0.0234417509911221,0,0,0,0.8,0.142577222995154,1,1,0,"OK"
Name,2206156,1.wav,48000,3.82,0.00279809141947842,0.153396163101216,0.0327225130890052,4,0,1.59,0.235550652876129,1,1,0,"OK"
Name,2206157,1.wav,48000,2.92,0.000293896566908458,0.122554371217013,0.00998858447488585,3,0,0.67,0.101126419122205,1,1,0,"OK"
Name,2206158,1.wav,48000,3.45,7.5977048774281e-05,0.118721407701475,0.00301932367149758,2,0,1.4,0.489829419497559,1,1,0,"OK"
Name,2206159,1.wav,48000,3.08,0.0106388775439873,0.124438263157862,0.00541125541125541,2,0,1.1,0.130852464024709,1,1,0,"OK"
Name,2206160,1.wav,48000,3.9,0.00229843850940775,0.182077270522048,0.0181623931623932,2,0,2.13,0.191356238047556,1,1,0,"OK"
Name,2206161,1.wav,48000,4.95,5.66667682778859e-06,0.0307406427772426,0,0,0,2.56,0.00250263106008994,1,1,0,"OK"
Name,2206162,1.wav,48000,3.13,3.52791100823901e-05,0.0298448209685536,0,0,0,1.12,0.203928631184861,1,1,0,"OK"
Name,2206163,1.wav,48000,3.93,5.32406570896113e-05,0.157291622099025,0.0127226463104326,2,0,1.69,0.169030529059535,1,1,0,"OK"
Name,2206164,1.wav,48000,4.44,7.83664231507574e-05,0.0224711514692917,0,0,0,1.89,0.00593378398171861,1,1,0,"OK"
