Condition,EERPercent,Separation,ThresholdEER,ThresholdFAR1,FRRatFAR1Percent,FeatureDimension,GenuinePairs
"Proposal DFT, 8 kHz",29.1666666666667,0.833997120114809,2.30231174021695,2.27818969036569,25,24,24
"Proposal DFT, 16 kHz",29.1666666666667,0.812155907007102,2.30247623971847,2.27795742200917,25,24,24
"Proposal DFT + delta, 8 kHz",33.3333333333333,0.644016490487504,3.29103519826907,3.1751633879046,37.5,48,24
"Senior baseline MFCC, 16 kHz",8.33333333333333,0.716358893935383,42.7097668939128,42.7097668939128,16.6666666666667,39,24
"Deployed MFCC, 8 kHz",8.33333333333333,0.691564801149405,40.8249472937687,40.8249472937687,16.6666666666667,39,24
"Deployed MFCC, 16 kHz",8.33333333333333,0.691694327511899,40.9041190801589,40.9041190801589,16.6666666666667,39,24
"Deployed MFCC + pre-emphasis, 8 kHz",8.33333333333333,0.719757968785608,42.9554765955117,42.9554765955117,16.6666666666667,39,24
"MFCC + drop c0",8.33333333333333,0.703499048631547,39.4485871591096,39.4485871591096,16.6666666666667,36,24
"MFCC + drop c0 + CMS",29.1666666666667,0.631760847056217,33.856021883673,33.6782654690213,25,36,24
"MFCC + drop c0 + CMVN",27.0833333333333,0.699076738673904,2.38786909030768,2.32602866560203,20.8333333333333,36,24
"MFCC + CMVN, statics only",27.0833333333333,0.70241616313455,2.24707473162808,2.20679429477928,20.8333333333333,12,24
"MFCC + CMVN, no delta-delta",27.0833333333333,0.699026355315986,2.36732468099449,2.30911745736867,20.8333333333333,24,24
"MFCC + drop c0 + CMVN, 8 kHz",27.0833333333333,0.700128374213404,2.38936197815812,2.32877941906244,20.8333333333333,36,24
